category,puzzle
Közmondás,KI KORÁN KEL ARANYAT LEL
Közmondás,SOK KICSI SOKRA MEGY
Közmondás,LASSÚ VÍZ PARTOT MOS
Közmondás,JOBB KÉSŐN MINT SOHA
Közmondás,NEM MIND ARANY AMI FÉNYLIK
Közmondás,KICSI A BORS DE ERŐS
Közmondás,JÓ PAP HOLTIG TANUL
Közmondás,MADARAT TOLLÁRÓL EMBERT BARÁTJÁRÓL
Közmondás,AMIT MA MEGTEHETSZ NE HALASZD HOLNAPRA
Közmondás,TÖBB SZEM TÖBBET LÁT
Szólás,EGYIK KUTYA MÁSIK EB
Szólás,FÁBA SZORULT FÉREG
Szólás,KÖTI AZ EBET A KARÓHOZ
Szólás,KÉT SZÉK KÖZÖTT A PAD ALÁ ESIK
Szólás,EGY HÚRON PENDÜLNEK
Szólás,NYAKÁBA VESZI A VÁROST
Szólás,KIBÚJIK A SZÖG A ZSÁKBÓL
Szólás,NAGY FÁBA VÁGTA A FEJSZÉJÉT
Szólás,OLAJAT ÖNT A TŰZRE
Film,VISSZA A JÖVŐBE
Film,RESZKESSETEK BETÖRŐK
Film,JURASSIC PARK
Film,HARRY POTTER
Film,A KARIB TENGER KALÓZAI
Film,CSILLAGOK HÁBORÚJA
Film,INDIANA JONES
Film,A MASZK
Film,SZELLEMIRTÓK
Film,FORREST GUMP
Sorozat,JÓBARÁTOK
Sorozat,AGYMENŐK
Sorozat,STRANGER THINGS
Sorozat,A SIMPSON CSALÁD
Sorozat,SZOMSZÉDOK
Sorozat,MI KIS FALUNK
Sorozat,WEDNESDAY
Sorozat,COBRA KAI
Sorozat,SHERLOCK
Sorozat,A NAGY PÉNZRABLÁS
Étel,GULYÁSLEVES
Étel,TÖLTÖTT KÁPOSZTA
Étel,RÁNTOTT HÚS
Étel,TÚRÓS CSUSZA
Étel,PAPRIKÁS KRUMPLI
Étel,SOMLÓI GALUSKA
Étel,DOBOSTORTA
Étel,MÁKOS GUBA
Étel,CSIRKEPAPRIKÁS
Étel,HORTOBÁGYI PALACSINTA
Hely,SZÉCHENYI LÁNCHÍD
Hely,HALÁSZBÁSTYA
Hely,GELLÉRT HEGY
Hely,MARGITSZIGET
Hely,VÁROSLIGET
Hely,FERTŐ TÓ
Hely,HORTOBÁGY
Hely,DUNAKANYAR
Hely,TIHANYI FÉLSZIGET
Hely,AGGTELEKI CSEPPKŐBARLANG
Híres ember,PUSKÁS FERENC
Híres ember,RUBIK ERNŐ
Híres ember,PETŐFI SÁNDOR
Híres ember,ARANY JÁNOS
Híres ember,BARTÓK BÉLA
Híres ember,MUNKÁCSY MIHÁLY
Híres ember,KARIKÓ KATALIN
Híres ember,NEUMANN JÁNOS
Híres ember,KOSSUTH LAJOS
Híres ember,ERKEL FERENC
Foglalkozás,TŰZOLTÓ
Foglalkozás,MENTŐORVOS
Foglalkozás,TANÁR
Foglalkozás,PROGRAMOZÓ
Foglalkozás,SZAKÁCS
Foglalkozás,PILÓTA
Foglalkozás,FOTÓS
Foglalkozás,ÁLLATORVOS
Foglalkozás,ÉPÍTÉSZ
Foglalkozás,AUTÓSZERELŐ
Tárgy,KÁVÉFŐZŐ
Tárgy,TÁVIRÁNYÍTÓ
Tárgy,BŐRÖND
Tárgy,NAPSZEMÜVEG
Tárgy,KULCSCSOMÓ
Tárgy,VÍZFORRALÓ
Tárgy,HÁTIZSÁK
Tárgy,FALINAPTÁR
Tárgy,FEJHALLGATÓ
Tárgy,KARÓRA
Magyarország,MAGYAR NEMZETI MÚZEUM
Magyarország,BUDAPESTI ÁLLATKERT
Magyarország,EGRI VÁR
Magyarország,PÉCSI SZÉKESEGYHÁZ
Magyarország,SZEGEDI DÓM
Magyarország,DEBRECENI NAGYTEMPLOM
Magyarország,GYULAI VÁR
Magyarország,ESZTERGOMI BAZILIKA
Magyarország,VESZPRÉMI VÁR
Magyarország,SOPRONI TŰZTORONY
